{
  "project_info": {
    "project_number": "511449791759",
    "firebase_url": "https://musicapplication-269709.firebaseio.com",
    "project_id": "musicapplication-269709",
    "storage_bucket": "musicapplication-269709.appspot.com"
  },
  "client": [
    {
      "client_info": {
        "mobilesdk_app_id": "1:511449791759:android:da84a05cc54360cf41527a",
        "android_client_info": {
          "package_name": "codeaze.music.application"
        }
      },
      "oauth_client": [
        {
          "client_id": "511449791759-ncstgfmp5aikmm0t6g4kdv0agd9fsug0.apps.googleusercontent.com",
          "client_type": 1,
          "android_info": {
            "package_name": "codeaze.music.application",
            "certificate_hash": "cbd8a0a13cc0eebd2e2e1798e0243c0498af9584"
          }
        },
        {
          "client_id": "511449791759-npvmu792bnmd33gveeeqm5jss0vbqpou.apps.googleusercontent.com",
          "client_type": 3
        }
      ],
      "api_key": [
        {
          "current_key": "AIzaSyDotZtUQMz4kKEzRu36O8WltR6SJtXH8Is"
        }
      ],
      "services": {
        "appinvite_service": {
          "other_platform_oauth_client": [
            {
              "client_id": "511449791759-npvmu792bnmd33gveeeqm5jss0vbqpou.apps.googleusercontent.com",
              "client_type": 3
            }
          ]
        }
      }
    }
  ],
  "configuration_version": "1"
}